{
  "q_table": {
    "table": [
      [
        -0.010466528176261746,
        -0.0000781935568894073,
        -0.004030444335329946
      ],
      [
        -0.2740236934140169,
        -1.5711897410310365e-20,
        -2.939186669547609e-29
      ],
      [
        -0.0008805226226782672,
        -0.7117576133146339,
        -0.0008862202818230676
      ],
      [
        -0.08631124558495508,
        -0.00010658672384951025,
        -0.0332294672336249
      ]
    ],
    "q_consts": {
      "alpha": 0.7117576133146339,
      "gamma": 0.30750209889557467,
      "epsilon": 0.17359457810668477,
      "alpha_decay": 0.8787350581569389,
      "epsilon_decay": 0.5311662760565167
    },
    "freeze": true
  },
  "program": {
    "id": "52759301-d2d9-431e-8853-ac030c479920",
    "instructions": [
      {
        "src_idx": 3,
        "tgt_idx": 2,
        "mode": "Internal",
        "op": "Divide",
        "external_factor": 75.5691307525135
      },
      {
        "src_idx": 1,
        "tgt_idx": 0,
        "mode": "External",
        "op": "Divide",
        "external_factor": 75.5691307525135
      },
      {
        "src_idx": 1,
        "tgt_idx": 2,
        "mode": "Internal",
        "op": "Add",
        "external_factor": 75.5691307525135
      },
      {
        "src_idx": 1,
        "tgt_idx": 1,
        "mode": "External",
        "op": "Add",
        "external_factor": 75.5691307525135
      }
    ],
    "registers": {
      "data": [
        0.0,
        7.415560079500716,
        0.0,
        0.0
      ]
    },
    "fitness": {
      "Valid": -133.0
    }
  }
}