{
  "q_table": {
    "table": [
      [
        -0.5728776722527825,
        -0.30561973711232726,
        -0.17549019186658898
      ],
      [
        -0.0063991650563974874,
        -0.3999776260325337,
        -0.31216458765512056
      ],
      [
        -0.7308782129106771,
        -0.5148420642726901,
        -0.2891372831318901
      ],
      [
        -0.753147367905295,
        -0.19480008170103857,
        -0.09099148793392793
      ]
    ],
    "q_consts": {
      "alpha": 0.4951820601364615,
      "gamma": 0.3485684847317704,
      "epsilon": 0.9775857152647488,
      "alpha_decay": 0.856544331930682,
      "epsilon_decay": 0.8494130592647294
    },
    "freeze": true
  },
  "program": {
    "id": "4f7a72a9-dedd-4fc8-af48-c91e2017021f",
    "instructions": [
      {
        "src_idx": 1,
        "tgt_idx": 2,
        "mode": "Internal",
        "op": "Mult",
        "external_factor": 48.72861427688379
      },
      {
        "src_idx": 1,
        "tgt_idx": 0,
        "mode": "External",
        "op": "Mult",
        "external_factor": 48.72861427688379
      },
      {
        "src_idx": 1,
        "tgt_idx": 1,
        "mode": "External",
        "op": "Sub",
        "external_factor": 48.72861427688379
      }
    ],
    "registers": {
      "data": [
        0.0,
        -1.1017076241747135,
        0.0,
        0.0
      ]
    },
    "fitness": {
      "Valid": -114.0
    }
  }
}