{
  "q_table": {
    "table": [
      [
        -0.014668804798581701,
        -0.03031820562783891,
        0.07651739991457238
      ],
      [
        -0.07643364863297428,
        -0.05465948012663578,
        0.09368348463651803
      ],
      [
        0.019490831526206117,
        0.0031100288168960932,
        0.017936319965206646
      ],
      [
        -0.1407643502608499,
        0.016583260400344912,
        0.07293303269733237
      ]
    ],
    "q_consts": {
      "alpha": 0.031677607734857366,
      "gamma": 0.6967261774425437,
      "epsilon": 0.6419770526997821,
      "alpha_decay": 0.7473564544324487,
      "epsilon_decay": 0.14030781103977646
    },
    "freeze": true
  },
  "program": {
    "id": "ce67d272-a1f3-4cac-9fd2-074cd5731cc4",
    "instructions": [
      {
        "src_idx": 2,
        "tgt_idx": 0,
        "mode": "External",
        "op": "Mult",
        "external_factor": 1.3742252051259367
      },
      {
        "src_idx": 2,
        "tgt_idx": 1,
        "mode": "External",
        "op": "Divide",
        "external_factor": 1.3742252051259367
      },
      {
        "src_idx": 2,
        "tgt_idx": 1,
        "mode": "External",
        "op": "Sub",
        "external_factor": 1.3742252051259367
      }
    ],
    "registers": {
      "data": [
        0.0,
        0.0,
        -0.031070525134187142,
        0.0
      ]
    },
    "fitness": {
      "Valid": -115.0
    }
  }
}