{
  "q_table": {
    "table": [
      [
        -0.01554824663812592,
        -0.03119128756903062,
        0.06536021934248806
      ],
      [
        -0.047203824357260386,
        -0.054888565964934334,
        0.11038851916172485
      ],
      [
        0.016473818340077374,
        0.015475139904396048,
        0.014906765430346506
      ],
      [
        -0.10784589104139074,
        0.0010512348469221442,
        0.06555378895218579
      ]
    ],
    "q_consts": {
      "alpha": 0.031677607734857366,
      "gamma": 0.6967261774425437,
      "epsilon": 0.6419770526997821,
      "alpha_decay": 0.7473564544324487,
      "epsilon_decay": 0.14030781103977646
    },
    "freeze": true
  },
  "program": {
    "id": "e75b778e-b20b-4b24-a29c-843289bb3393",
    "instructions": [
      {
        "src_idx": 2,
        "tgt_idx": 0,
        "mode": "External",
        "op": "Mult",
        "external_factor": 1.3742252051259367
      },
      {
        "src_idx": 2,
        "tgt_idx": 1,
        "mode": "External",
        "op": "Divide",
        "external_factor": 1.3742252051259367
      },
      {
        "src_idx": 2,
        "tgt_idx": 1,
        "mode": "External",
        "op": "Sub",
        "external_factor": 1.3742252051259367
      }
    ],
    "registers": {
      "data": [
        0.0,
        0.0,
        -0.08301442479723817,
        0.0
      ]
    },
    "fitness": {
      "Valid": -121.0
    }
  }
}