{
  "q_table": {
    "table": [
      [
        -1.0566592403664162e-7,
        -1.8842596308180735e-10,
        -2.8115933690772593e-12
      ],
      [
        -0.08631124558495508,
        -0.0008789342154693581,
        -2.276144889642851e-6
      ],
      [
        -0.7117576133146339,
        -0.00010658390652276828,
        -2.7949107759206124e-9
      ],
      [
        -0.0072480487939115875,
        -7.18562302938042e-6,
        -5.0147679426913895e-15
      ]
    ],
    "q_consts": {
      "alpha": 0.7117576133146339,
      "gamma": 0.30750209889557467,
      "epsilon": 0.17359457810668477,
      "alpha_decay": 0.8787350581569389,
      "epsilon_decay": 0.5311662760565167
    },
    "freeze": true
  },
  "program": {
    "id": "d1e4ba80-ef00-4837-bc10-1ac0b18e0242",
    "instructions": [
      {
        "src_idx": 2,
        "tgt_idx": 2,
        "mode": "Internal",
        "op": "Sub",
        "external_factor": 75.5691307525135
      },
      {
        "src_idx": 1,
        "tgt_idx": 1,
        "mode": "External",
        "op": "Mult",
        "external_factor": 75.5691307525135
      },
      {
        "src_idx": 2,
        "tgt_idx": 1,
        "mode": "External",
        "op": "Divide",
        "external_factor": 75.5691307525135
      },
      {
        "src_idx": 0,
        "tgt_idx": 1,
        "mode": "External",
        "op": "Divide",
        "external_factor": 75.5691307525135
      }
    ],
    "registers": {
      "data": [
        0.0,
        0.0,
        0.0,
        0.0
      ]
    },
    "fitness": {
      "Valid": -200.0
    }
  }
}