{
  "q_table": {
    "table": [
      [
        -0.19480943338126644,
        -0.3136803830316082,
        -0.17936644356719747
      ],
      [
        -0.024623540721191127,
        -0.3295043356550609,
        -0.31364153531162553
      ],
      [
        -0.7308782129106771,
        -0.35688401178014884,
        -0.057547764329777915
      ],
      [
        -0.5473952966587181,
        -0.19480008170103857,
        -0.12154452697114165
      ]
    ],
    "q_consts": {
      "alpha": 0.4951820601364615,
      "gamma": 0.3485684847317704,
      "epsilon": 0.9775857152647488,
      "alpha_decay": 0.856544331930682,
      "epsilon_decay": 0.8494130592647294
    },
    "freeze": true
  },
  "program": {
    "id": "aecb1ba9-6769-425a-8dca-885d7417e493",
    "instructions": [
      {
        "src_idx": 1,
        "tgt_idx": 2,
        "mode": "Internal",
        "op": "Mult",
        "external_factor": 48.72861427688379
      },
      {
        "src_idx": 1,
        "tgt_idx": 3,
        "mode": "Internal",
        "op": "Mult",
        "external_factor": 48.72861427688379
      },
      {
        "src_idx": 1,
        "tgt_idx": 1,
        "mode": "External",
        "op": "Sub",
        "external_factor": 48.72861427688379
      }
    ],
    "registers": {
      "data": [
        0.0,
        -1.1017076241747135,
        0.0,
        0.0
      ]
    },
    "fitness": {
      "Valid": -122.0
    }
  }
}