{
  "population_size": 100,
  "gap": 0.5,
  "mutation_percent": 0.5,
  "crossover_percent": 0.5,
  "n_generations": 100,
  "n_trials": 5,
  "seed": null,
  "program_parameters": {
    "program_parameters": {
      "max_instructions": 5,
      "instruction_generator_parameters": {
        "n_extras": 1,
        "external_factor": 75.5691307525135,
        "n_actions": 3,
        "n_inputs": 2
      }
    },
    "consts": {
      "alpha": 0.7117576133146339,
      "gamma": 0.30750209889557467,
      "epsilon": 0.17359457810668477,
      "alpha_decay": 0.8787350581569389,
      "epsilon_decay": 0.5311662760565167
    }
  }
}