{
  "q_table": {
    "table": [
      [
        -0.7117576133146339,
        -0.007364815142039353,
        -0.2740237237805606
      ],
      [
        -0.08631124558495508,
        -0.0017583293207762368,
        -0.05978216715926253
      ],
      [
        -0.0072480487939115875,
        -1.0614685635550225e-6,
        -0.000012937892986249234
      ],
      [
        -4.076157780890335e-14,
        -4.984023345323122e-12,
        -2.794910776859533e-9
      ]
    ],
    "q_consts": {
      "alpha": 0.7117576133146339,
      "gamma": 0.30750209889557467,
      "epsilon": 0.17359457810668477,
      "alpha_decay": 0.8787350581569389,
      "epsilon_decay": 0.5311662760565167
    },
    "freeze": true
  },
  "program": {
    "id": "a0f8f630-a963-4063-9af8-013df8c431d4",
    "instructions": [
      {
        "src_idx": 0,
        "tgt_idx": 0,
        "mode": "Internal",
        "op": "Mult",
        "external_factor": 75.5691307525135
      }
    ],
    "registers": {
      "data": [
        0.0,
        0.0,
        0.0,
        0.0
      ]
    },
    "fitness": {
      "Valid": -200.0
    }
  }
}