{
  "q_table": {
    "table": [
      [
        -0.2771902426287778,
        -0.3145075725583995,
        -0.2422770266007408
      ],
      [
        -0.16386389035672502,
        -0.3295043356550609,
        -0.3211008303823996
      ],
      [
        -0.9397575910569174,
        -0.4098738496414468,
        -0.1961331370249164
      ],
      [
        -0.5473952966587181,
        -0.2591299293683609,
        -0.11039190045003966
      ]
    ],
    "q_consts": {
      "alpha": 0.4951820601364615,
      "gamma": 0.3485684847317704,
      "epsilon": 0.9775857152647488,
      "alpha_decay": 0.856544331930682,
      "epsilon_decay": 0.8494130592647294
    },
    "freeze": true
  },
  "program": {
    "id": "5793f276-fbc9-4d2a-894d-728bdf0ce855",
    "instructions": [
      {
        "src_idx": 1,
        "tgt_idx": 2,
        "mode": "Internal",
        "op": "Mult",
        "external_factor": 48.72861427688379
      },
      {
        "src_idx": 2,
        "tgt_idx": 0,
        "mode": "External",
        "op": "Add",
        "external_factor": 48.72861427688379
      },
      {
        "src_idx": 1,
        "tgt_idx": 1,
        "mode": "External",
        "op": "Sub",
        "external_factor": 48.72861427688379
      }
    ],
    "registers": {
      "data": [
        0.0,
        null,
        -2699.9459459587447,
        0.0
      ]
    },
    "fitness": "OutOfBounds"
  }
}