{
  "q_table": {
    "table": [
      [
        -0.011402556230037908,
        -0.03123219433514297,
        0.08158807294734804
      ],
      [
        -0.04720290733229296,
        -0.05488803493532294,
        0.11995480856718259
      ],
      [
        0.016473818340079955,
        0.0031100288168960932,
        0.02689818412285415
      ],
      [
        -0.11265434266694288,
        0.005041387713971915,
        0.07617381897432055
      ]
    ],
    "q_consts": {
      "alpha": 0.031677607734857366,
      "gamma": 0.6967261774425437,
      "epsilon": 0.6419770526997821,
      "alpha_decay": 0.7473564544324487,
      "epsilon_decay": 0.14030781103977646
    },
    "freeze": true
  },
  "program": {
    "id": "86941277-55cc-46c2-8e5d-86bb43772620",
    "instructions": [
      {
        "src_idx": 1,
        "tgt_idx": 0,
        "mode": "External",
        "op": "Mult",
        "external_factor": 1.3742252051259367
      },
      {
        "src_idx": 2,
        "tgt_idx": 1,
        "mode": "External",
        "op": "Divide",
        "external_factor": 1.3742252051259367
      },
      {
        "src_idx": 2,
        "tgt_idx": 1,
        "mode": "External",
        "op": "Sub",
        "external_factor": 1.3742252051259367
      }
    ],
    "registers": {
      "data": [
        0.0,
        0.0,
        0.010529168492573245,
        0.0
      ]
    },
    "fitness": {
      "Valid": -200.0
    }
  }
}