{"population_size":100,"gap":0.5,"mutation_percent":0.5,"crossover_percent":0.5,"n_generations":100,"n_trials":5,"seed":null,"program_parameters":{"program_parameters":{"max_instructions":15,"instruction_generator_parameters":{"n_extras":1,"external_factor":2.075665289783043,"n_actions":2,"n_inputs":4}},"consts":{"alpha":0.5383362682783306,"gamma":0.08724844356562467,"epsilon":0.9791449903388126,"alpha_decay":0.4504712386500149,"epsilon_decay":0.06095503699069371}}}