{"population_size":100,"gap":0.5,"mutation_percent":0.5,"crossover_percent":0.5,"n_generations":100,"n_trials":5,"seed":null,"program_parameters":{"program_parameters":{"max_instructions":45,"instruction_generator_parameters":{"n_extras":1,"external_factor":42.079726246452665,"n_actions":2,"n_inputs":4}},"consts":{"alpha":0.00407683428846628,"gamma":0.6828506348530993,"epsilon":0.8602793397345382,"alpha_decay":0.09460270781912139,"epsilon_decay":0.6772705627887166}}}