{"default_fitness":500.0,"population_size":100,"gap":0.5,"mutation_percent":0.5,"crossover_percent":0.5,"n_generations":100,"n_trials":100,"seed":null,"program_parameters":{"program_parameters":{"max_instructions":23,"instruction_generator_parameters":{"n_extras":1,"external_factor":78.57198738453577,"n_actions":2,"n_inputs":4}},"consts":{"alpha":0.0613693111694662,"gamma":0.5511533784852194,"epsilon":0.776385925606662,"alpha_decay":0.060427093092020545,"epsilon_decay":0.5786267459913698}}}