{
    "population_size": 100,
    "gap": 0.5,
    "mutation_percent": 0.5,
    "crossover_percent": 0.5,
    "n_generations": 100,
    "n_trials": 5,
    "seed": null,
    "program_parameters": {
        "program_parameters": {
            "max_instructions": 56,
            "instruction_generator_parameters": {
                "n_extras": 1,
                "external_factor": 14.413624191717311,
                "n_actions": 2,
                "n_inputs": 4
            }
        },
        "consts": {
            "alpha": 0.04176226109867576,
            "gamma": 0.26741508393665847,
            "epsilon": 0.8326168834185185,
            "alpha_decay": 0.15685367226541924,
            "epsilon_decay": 0.8633018525926586
        }
    }
}