{
    "population_size": 100,
    "gap": 0.5,
    "mutation_percent": 0.5,
    "crossover_percent": 0.5,
    "n_generations": 100,
    "n_trials": 5,
    "seed": null,
    "program_parameters": {
        "program_parameters": {
            "max_instructions": 56,
            "instruction_generator_parameters": {
                "n_extras": 1,
                "external_factor": 14.413624191717311,
                "n_actions": 2,
                "n_inputs": 4
            }
        },
        "consts": {
            "alpha": 0.4518861519000532,
            "gamma": 0.2360124256377525,
            "epsilon": 0.8166194089820058,
            "alpha_decay": 0.5574891977014538,
            "epsilon_decay": 0.2327646662718106
        }
    }
}