{"population_size":100,"gap":0.5,"mutation_percent":0.5,"crossover_percent":0.5,"n_generations":100,"n_trials":5,"seed":null,"program_parameters":{"program_parameters":{"max_instructions":7,"instruction_generator_parameters":{"n_extras":1,"external_factor":48.72861427688379,"n_actions":3,"n_inputs":2}},"consts":{"alpha":0.4951820601364615,"gamma":0.3485684847317704,"epsilon":0.9775857152647487,"alpha_decay":0.856544331930682,"epsilon_decay":0.8494130592647294}}}