{"default_fitness":-200.0,"population_size":100,"gap":0.5,"mutation_percent":0.5,"crossover_percent":0.5,"n_generations":100,"n_trials":100,"seed":null,"program_parameters":{"program_parameters":{"max_instructions":10,"instruction_generator_parameters":{"n_extras":1,"external_factor":2.0736207078591695,"n_actions":3,"n_inputs":2}},"consts":{"alpha":0.054530841313832346,"gamma":0.9507702233030481,"epsilon":0.9242350494281961,"alpha_decay":0.4207630182427399,"epsilon_decay":0.4217011139198417}}}