{
    "population_size": 100,
    "gap": 0.5,
    "mutation_percent": 0.5,
    "crossover_percent": 0.5,
    "n_generations": 100,
    "n_trials": 5,
    "seed": null,
    "program_parameters": {
        "program_parameters": {
            "max_instructions": 10,
            "instruction_generator_parameters": {
                "n_extras": 1,
                "external_factor": 2.0736207078591695,
                "n_actions": 3,
                "n_inputs": 2
            }
        },
        "consts": {
            "alpha": 0.9935739607618602,
            "gamma": 0.38752808078226925,
            "epsilon": 0.4706639670674135,
            "alpha_decay": 0.07949190159382097,
            "epsilon_decay": 0.6700843715911994
        }
    }
}