{
    "population_size": 100,
    "gap": 0.5,
    "mutation_percent": 0.5,
    "crossover_percent": 0.5,
    "n_generations": 100,
    "n_trials": 5,
    "seed": null,
    "program_parameters": {
        "program_parameters": {
            "max_instructions": 32,
            "instruction_generator_parameters": {
                "n_extras": 1,
                "external_factor": 4.060029615156823,
                "n_actions": 3,
                "n_inputs": 2
            }
        },
        "consts": {
            "alpha": 0.340364624846618,
            "gamma": 0.3891279601332547,
            "epsilon": 0.19766773282349048,
            "alpha_decay": 0.47651592101555984,
            "epsilon_decay": 0.6473278806517668
        }
    }
}