{"population_size":100,"gap":0.5,"mutation_percent":0.5,"crossover_percent":0.5,"n_generations":100,"n_trials":5,"seed":null,"program_parameters":{"program_parameters":{"max_instructions":9,"instruction_generator_parameters":{"n_extras":1,"external_factor":1.3742252051259367,"n_actions":3,"n_inputs":2}},"consts":{"alpha":0.031677607734857366,"gamma":0.6967261774425437,"epsilon":0.6419770526997821,"alpha_decay":0.7473564544324487,"epsilon_decay":0.14030781103977646}}}