{
  "q_table": {
    "table": [
      [
        0.546521953483285,
        1.8657464252947195e-6
      ],
      [
        0.22733024052220926,
        0.0
      ],
      [
        0.0,
        0.38300468330213416
      ]
    ],
    "q_consts": {
      "alpha": 0.5383362682783306,
      "gamma": 0.08724844356562467,
      "epsilon": 0.9791449903388126,
      "alpha_decay": 0.4504712386500149,
      "epsilon_decay": 0.06095503699069371
    },
    "freeze": true
  },
  "program": {
    "id": "cd65ea23-7098-422f-8b5c-9c470e735c50",
    "instructions": [
      {
        "src_idx": 2,
        "tgt_idx": 0,
        "mode": "External",
        "op": "Divide",
        "external_factor": 2.075665289783043
      },
      {
        "src_idx": 2,
        "tgt_idx": 2,
        "mode": "External",
        "op": "Mult",
        "external_factor": 2.075665289783043
      },
      {
        "src_idx": 2,
        "tgt_idx": 1,
        "mode": "External",
        "op": "Sub",
        "external_factor": 2.075665289783043
      }
    ],
    "registers": {
      "data": [
        0.0,
        0.0,
        0.8733700250176808
      ]
    },
    "fitness": {
      "Valid": 1.0
    }
  }
}