{
  "q_table": {
    "table": [
      [
        1.3132415351507254,
        0.6184201681286416
      ],
      [
        1.3575613740047527,
        0.0
      ],
      [
        0.0,
        0.9999999999722112
      ]
    ],
    "q_consts": {
      "alpha": 0.6468107507279532,
      "gamma": 0.6969290559884951,
      "epsilon": 0.7019997155612936,
      "alpha_decay": 0.01115868453045732,
      "epsilon_decay": 0.4776154206995737
    },
    "freeze": true
  },
  "program": {
    "id": "45fe48c0-54af-4590-8b5b-915ade677c45",
    "instructions": [
      {
        "src_idx": 1,
        "tgt_idx": 0,
        "mode": "Internal",
        "op": "Add",
        "external_factor": 2.0035876244324244
      },
      {
        "src_idx": 1,
        "tgt_idx": 2,
        "mode": "Internal",
        "op": "Sub",
        "external_factor": 2.0035876244324244
      },
      {
        "src_idx": 2,
        "tgt_idx": 1,
        "mode": "Internal",
        "op": "Divide",
        "external_factor": 2.0035876244324244
      },
      {
        "src_idx": 2,
        "tgt_idx": 1,
        "mode": "Internal",
        "op": "Sub",
        "external_factor": 2.0035876244324244
      }
    ],
    "registers": {
      "data": [
        0.0,
        0.0,
        0.0
      ]
    },
    "fitness": {
      "Valid": 1.0
    }
  }
}