{
  "q_table": {
    "table": [
      [
        0.0,
        0.0
      ],
      [
        0.033277384969020406,
        0.0
      ],
      [
        0.11220216476362849,
        0.0
      ]
    ],
    "q_consts": {
      "alpha": 0.1033930485178155,
      "gamma": 0.2180451105656588,
      "epsilon": 0.33798956568931593,
      "alpha_decay": 0.7053114717672202,
      "epsilon_decay": 0.4127115367586178
    },
    "freeze": true
  },
  "program": {
    "id": "93e4d4bb-e98a-405d-a10f-b1cb2d8d311c",
    "instructions": [
      {
        "src_idx": 1,
        "tgt_idx": 1,
        "mode": "External",
        "op": "Add",
        "external_factor": 25.944813139106135
      },
      {
        "src_idx": 0,
        "tgt_idx": 1,
        "mode": "Internal",
        "op": "Add",
        "external_factor": 25.944813139106135
      },
      {
        "src_idx": 2,
        "tgt_idx": 0,
        "mode": "External",
        "op": "Add",
        "external_factor": 25.944813139106135
      },
      {
        "src_idx": 2,
        "tgt_idx": 0,
        "mode": "Internal",
        "op": "Mult",
        "external_factor": 25.944813139106135
      }
    ],
    "registers": {
      "data": [
        2.799864923739608,
        2.799864923739608,
        -16.815090565747383
      ]
    },
    "fitness": {
      "Valid": 1.0
    }
  }
}