{
  "q_table": {
    "table": [
      [
        0.7750409209380108,
        0.3271711713329913
      ],
      [
        0.2171473860591224,
        0.0018405471382237151
      ],
      [
        0.5334523650770019,
        0.003064444917899606
      ]
    ],
    "q_consts": {
      "alpha": 0.7727737926324254,
      "gamma": 0.5580312662260263,
      "epsilon": 0.32263428698949725,
      "alpha_decay": 0.39548388874306417,
      "epsilon_decay": 0.005899258410533181
    },
    "freeze": true
  },
  "program": {
    "id": "65190203-ce68-44f0-86e9-46a5b8891527",
    "instructions": [
      {
        "src_idx": 2,
        "tgt_idx": 2,
        "mode": "External",
        "op": "Divide",
        "external_factor": 0.7685098560879533
      },
      {
        "src_idx": 1,
        "tgt_idx": 2,
        "mode": "Internal",
        "op": "Sub",
        "external_factor": 0.7685098560879533
      },
      {
        "src_idx": 1,
        "tgt_idx": 2,
        "mode": "Internal",
        "op": "Sub",
        "external_factor": 0.7685098560879533
      },
      {
        "src_idx": 1,
        "tgt_idx": 1,
        "mode": "External",
        "op": "Mult",
        "external_factor": 0.7685098560879533
      }
    ],
    "registers": {
      "data": [
        0.0,
        -0.0,
        0.0
      ]
    },
    "fitness": {
      "Valid": 1.0
    }
  }
}