{
  "q_table": {
    "table": [
      [
        0.9999999999913114,
        0.0
      ],
      [
        0.999999999999635,
        0.0
      ],
      [
        0.999999999991176,
        0.6395931936096717
      ]
    ],
    "q_consts": {
      "alpha": 0.6468107507279532,
      "gamma": 0.6969290559884951,
      "epsilon": 0.7019997155612936,
      "alpha_decay": 0.01115868453045732,
      "epsilon_decay": 0.4776154206995737
    },
    "freeze": true
  },
  "program": {
    "id": "b483b8b3-775e-4d21-b376-47c52ab524a0",
    "instructions": [
      {
        "src_idx": 1,
        "tgt_idx": 2,
        "mode": "Internal",
        "op": "Sub",
        "external_factor": 2.0035876244324244
      },
      {
        "src_idx": 2,
        "tgt_idx": 2,
        "mode": "Internal",
        "op": "Add",
        "external_factor": 2.0035876244324244
      }
    ],
    "registers": {
      "data": [
        0.0,
        0.0,
        0.0
      ]
    },
    "fitness": {
      "Valid": 1.0
    }
  }
}