{
  "q_table": {
    "table": [
      [
        0.11404558290418632,
        0.30022850305247717
      ],
      [
        0.23061844939638199,
        0.0010804286325931634
      ],
      [
        0.5452173051459521,
        0.0
      ]
    ],
    "q_consts": {
      "alpha": 0.5383362682783306,
      "gamma": 0.08724844356562467,
      "epsilon": 0.9791449903388126,
      "alpha_decay": 0.4504712386500149,
      "epsilon_decay": 0.06095503699069371
    },
    "freeze": true
  },
  "program": {
    "id": "293fcadb-07e1-4ae5-8e8b-967060a379d7",
    "instructions": [
      {
        "src_idx": 2,
        "tgt_idx": 1,
        "mode": "External",
        "op": "Add",
        "external_factor": 2.075665289783043
      }
    ],
    "registers": {
      "data": [
        0.0,
        0.0,
        -0.3121405108364804
      ]
    },
    "fitness": {
      "Valid": 1.0
    }
  }
}