{
  "population_size": 100,
  "gap": 0.5,
  "mutation_percent": 0.5,
  "crossover_percent": 0.5,
  "n_generations": 100,
  "n_trials": 5,
  "seed": null,
  "program_parameters": {
    "program_parameters": {
      "max_instructions": 50,
      "instruction_generator_parameters": {
        "n_extras": 1,
        "external_factor": 79.95902441661005,
        "n_actions": 2,
        "n_inputs": 4
      }
    },
    "consts": {
      "alpha": 0.2460311214034283,
      "gamma": 0.5505225415265251,
      "epsilon": 0.6335744006926343,
      "alpha_decay": 0.5919973702790238,
      "epsilon_decay": 0.9322360568775712
    }
  }
}