{
  "population_size": 100,
  "gap": 0.5,
  "mutation_percent": 0.5,
  "crossover_percent": 0.5,
  "n_generations": 100,
  "n_trials": 5,
  "seed": null,
  "program_parameters": {
    "program_parameters": {
      "max_instructions": 32,
      "instruction_generator_parameters": {
        "n_extras": 1,
        "external_factor": 25.944813139106135,
        "n_actions": 2,
        "n_inputs": 4
      }
    },
    "consts": {
      "alpha": 0.1033930485178155,
      "gamma": 0.2180451105656588,
      "epsilon": 0.33798956568931593,
      "alpha_decay": 0.7053114717672202,
      "epsilon_decay": 0.4127115367586178
    }
  }
}