{
  "population_size": 100,
  "gap": 0.5,
  "mutation_percent": 0.5,
  "crossover_percent": 0.5,
  "n_generations": 100,
  "n_trials": 5,
  "seed": null,
  "program_parameters": {
    "program_parameters": {
      "max_instructions": 10,
      "instruction_generator_parameters": {
        "n_extras": 1,
        "external_factor": 2.0035876244324244,
        "n_actions": 2,
        "n_inputs": 4
      }
    },
    "consts": {
      "alpha": 0.6468107507279532,
      "gamma": 0.6969290559884951,
      "epsilon": 0.7019997155612936,
      "alpha_decay": 0.01115868453045732,
      "epsilon_decay": 0.4776154206995737
    }
  }
}