{
  "population_size": 100,
  "gap": 0.5,
  "mutation_percent": 0.5,
  "crossover_percent": 0.5,
  "n_generations": 100,
  "n_trials": 5,
  "seed": null,
  "program_parameters": {
    "program_parameters": {
      "max_instructions": 12,
      "instruction_generator_parameters": {
        "n_extras": 1,
        "external_factor": 0.7685098560879533,
        "n_actions": 2,
        "n_inputs": 4
      }
    },
    "consts": {
      "alpha": 0.7727737926324254,
      "gamma": 0.5580312662260263,
      "epsilon": 0.32263428698949725,
      "alpha_decay": 0.39548388874306417,
      "epsilon_decay": 0.005899258410533181
    }
  }
}