{
  "population_size": 100,
  "gap": 0.5,
  "mutation_percent": 0.5,
  "crossover_percent": 0.5,
  "n_generations": 100,
  "n_trials": 5,
  "seed": null,
  "program_parameters": {
    "program_parameters": {
      "max_instructions": 45,
      "instruction_generator_parameters": {
        "n_extras": 1,
        "external_factor": 42.079726246452665,
        "n_actions": 2,
        "n_inputs": 4
      }
    },
    "consts": {
      "alpha": 0.07987879259267247,
      "gamma": 0.940473100494515,
      "epsilon": 0.7737575443477425,
      "alpha_decay": 0.9917534517470452,
      "epsilon_decay": 0.4601074673656628
    }
  }
}