{
  "q_table": {
    "table": [
      [
        0.5387034558184034,
        0.11787031527639534
      ],
      [
        0.2104034758876706,
        0.5389604106586411
      ],
      [
        0.2979529609530611,
        0.01482505130390971
      ]
    ],
    "q_consts": {
      "alpha": 0.5383362682783306,
      "gamma": 0.08724844356562467,
      "epsilon": 0.9791449903388126,
      "alpha_decay": 0.4504712386500149,
      "epsilon_decay": 0.06095503699069371
    },
    "freeze": true
  },
  "program": {
    "id": "2be830ea-df6e-4f71-8600-a2329ec9c347",
    "instructions": [
      {
        "src_idx": 0,
        "tgt_idx": 1,
        "mode": "External",
        "op": "Mult",
        "external_factor": 2.075665289783043
      },
      {
        "src_idx": 1,
        "tgt_idx": 1,
        "mode": "Internal",
        "op": "Sub",
        "external_factor": 2.075665289783043
      }
    ],
    "registers": {
      "data": [
        -0.0,
        0.0,
        0.0
      ]
    },
    "fitness": {
      "Valid": 1.0
    }
  }
}