{
  "q_table": {
    "table": [
      [
        5.22014104369722e-9,
        0.9162327883652447
      ],
      [
        0.7208921721763296,
        0.1607903845224863
      ],
      [
        0.8462609837296305,
        0.4822060116473635
      ]
    ],
    "q_consts": {
      "alpha": 0.7727737926324254,
      "gamma": 0.5580312662260263,
      "epsilon": 0.32263428698949725,
      "alpha_decay": 0.39548388874306417,
      "epsilon_decay": 0.005899258410533181
    },
    "freeze": true
  },
  "program": {
    "id": "c884ed7b-f1a2-4f71-ac77-ab5e64349fc2",
    "instructions": [
      {
        "src_idx": 1,
        "tgt_idx": 1,
        "mode": "External",
        "op": "Divide",
        "external_factor": 0.7685098560879533
      },
      {
        "src_idx": 0,
        "tgt_idx": 0,
        "mode": "External",
        "op": "Divide",
        "external_factor": 0.7685098560879533
      }
    ],
    "registers": {
      "data": [
        0.0,
        0.0,
        0.0
      ]
    },
    "fitness": {
      "Valid": 1.0
    }
  }
}