{
  "q_table": {
    "table": [
      [
        0.11215408766602136,
        0.0
      ],
      [
        0.00007411757826642585,
        0.0
      ],
      [
        0.0332580806916617,
        0.0
      ]
    ],
    "q_consts": {
      "alpha": 0.1033930485178155,
      "gamma": 0.2180451105656588,
      "epsilon": 0.33798956568931593,
      "alpha_decay": 0.7053114717672202,
      "epsilon_decay": 0.4127115367586178
    },
    "freeze": true
  },
  "program": {
    "id": "5ce7e934-485f-4267-8b08-1eecdda88fb4",
    "instructions": [
      {
        "src_idx": 1,
        "tgt_idx": 0,
        "mode": "External",
        "op": "Divide",
        "external_factor": 25.944813139106135
      },
      {
        "src_idx": 1,
        "tgt_idx": 3,
        "mode": "External",
        "op": "Add",
        "external_factor": 25.944813139106135
      },
      {
        "src_idx": 1,
        "tgt_idx": 0,
        "mode": "Internal",
        "op": "Sub",
        "external_factor": 25.944813139106135
      }
    ],
    "registers": {
      "data": [
        0.0,
        -10.765205965408393,
        0.0
      ]
    },
    "fitness": {
      "Valid": 1.0
    }
  }
}