{
  "q_table": {
    "table": [
      [
        0.9995771805819245,
        0.0
      ],
      [
        0.9999991511726595,
        0.0
      ],
      [
        0.872708190618464,
        0.9999999999999998
      ]
    ],
    "q_consts": {
      "alpha": 0.6468107507279532,
      "gamma": 0.6969290559884951,
      "epsilon": 0.7019997155612936,
      "alpha_decay": 0.01115868453045732,
      "epsilon_decay": 0.4776154206995737
    },
    "freeze": true
  },
  "program": {
    "id": "e6b85e00-793f-4402-a887-d9d7334b6473",
    "instructions": [
      {
        "src_idx": 1,
        "tgt_idx": 1,
        "mode": "Internal",
        "op": "Divide",
        "external_factor": 2.0035876244324244
      },
      {
        "src_idx": 1,
        "tgt_idx": 1,
        "mode": "Internal",
        "op": "Sub",
        "external_factor": 2.0035876244324244
      },
      {
        "src_idx": 2,
        "tgt_idx": 0,
        "mode": "Internal",
        "op": "Sub",
        "external_factor": 2.0035876244324244
      },
      {
        "src_idx": 2,
        "tgt_idx": 2,
        "mode": "External",
        "op": "Add",
        "external_factor": 2.0035876244324244
      }
    ],
    "registers": {
      "data": [
        0.0,
        0.0,
        0.9792703182985733
      ]
    },
    "fitness": {
      "Valid": 1.0
    }
  }
}